{"v":"5.7.8","fr":60,"ip":0,"op":227,"w":335,"h":368,"nm":"Tab and diagram","ddd":0,"assets":[],"layers":[{"ddd":0,"ind":1,"ty":3,"nm":"Null 1","sr":1,"ks":{"o":{"a":0,"k":0,"ix":11},"r":{"a":0,"k":0,"ix":10},"p":{"a":0,"k":[148,149,0],"ix":2,"l":2},"a":{"a":0,"k":[50,50,0],"ix":1,"l":2},"s":{"a":0,"k":[440,440,100],"ix":6,"l":2}},"ao":0,"ip":0,"op":600,"st":0,"bm":0},{"ddd":0,"ind":2,"ty":4,"nm":"Diagram","parent":1,"sr":1,"ks":{"o":{"a":0,"k":100,"ix":11},"r":{"a":0,"k":0,"ix":10},"p":{"a":1,"k":[{"i":{"x":0.45,"y":1},"o":{"x":0.55,"y":0},"t":65,"s":[55.928,39.755,0],"to":[0,-1.5,0],"ti":[0,1.5,0]},{"i":{"x":0.45,"y":0.45},"o":{"x":0.55,"y":0.55},"t":99,"s":[55.928,30.755,0],"to":[0,0,0],"ti":[0,0,0]},{"i":{"x":0.45,"y":1},"o":{"x":0.55,"y":0},"t":168,"s":[55.928,30.755,0],"to":[0,1.5,0],"ti":[0,-1.5,0]},{"t":216,"s":[55.928,39.755,0]}],"ix":2,"l":2},"a":{"a":0,"k":[309.217,62.546,0],"ix":1,"l":2},"s":{"a":0,"k":[100,100,100],"ix":6,"l":2}},"ao":0,"shapes":[{"ty":"gr","it":[{"ind":0,"ty":"sh","ix":1,"ks":{"a":0,"k":{"i":[[0,-1.735],[1.736,0],[0,1.736],[-1.735,0]],"o":[[0,1.736],[-1.735,0],[0,-1.735],[1.736,0]],"v":[[3.143,0],[0,3.143],[-3.143,0],[0,-3.143]],"c":true},"ix":2},"nm":"Path 1","mn":"ADBE Vector Shape - Group","hd":false},{"ty":"fl","c":{"a":0,"k":[0.964705884457,0.184313729405,0.282352954149,1],"ix":4},"o":{"a":0,"k":100,"ix":5},"r":1,"bm":0,"nm":"Fill 1","mn":"ADBE Vector Graphic - Fill","hd":false},{"ty":"tr","p":{"a":0,"k":[324.986,51.162],"ix":2},"a":{"a":0,"k":[0,0],"ix":1},"s":{"a":1,"k":[{"i":{"x":[0.25,0.25],"y":[1,1]},"o":{"x":[0.75,0.75],"y":[0,0]},"t":88,"s":[0,0]},{"i":{"x":[0.833,0.833],"y":[1,1]},"o":{"x":[0.167,0.167],"y":[0,0]},"t":122,"s":[100,100]},{"i":{"x":[0.25,0.25],"y":[1,1]},"o":{"x":[0.75,0.75],"y":[0,0]},"t":153,"s":[100,100]},{"t":187,"s":[0,0]}],"ix":3},"r":{"a":0,"k":0,"ix":6},"o":{"a":0,"k":100,"ix":7},"sk":{"a":0,"k":0,"ix":4},"sa":{"a":0,"k":0,"ix":5},"nm":"Transform"}],"nm":"Group 1","np":2,"cix":2,"bm":0,"ix":1,"mn":"ADBE Vector Group","hd":false},{"ty":"gr","it":[{"ind":0,"ty":"sh","ix":1,"ks":{"a":0,"k":{"i":[[0,-1.736],[1.735,0],[0,1.736],[-1.735,0]],"o":[[0,1.736],[-1.735,0],[0,-1.736],[1.735,0]],"v":[[3.143,0],[0,3.143],[-3.143,0],[0,-3.143]],"c":true},"ix":2},"nm":"Path 1","mn":"ADBE Vector Shape - Group","hd":false},{"ty":"fl","c":{"a":0,"k":[0.964705884457,0.184313729405,0.282352954149,1],"ix":4},"o":{"a":0,"k":100,"ix":5},"r":1,"bm":0,"nm":"Fill 1","mn":"ADBE Vector Graphic - Fill","hd":false},{"ty":"tr","p":{"a":0,"k":[313.313,69.72],"ix":2},"a":{"a":0,"k":[0,0],"ix":1},"s":{"a":1,"k":[{"i":{"x":[0.25,0.25],"y":[1,1]},"o":{"x":[0.75,0.75],"y":[0,0]},"t":85,"s":[0,0]},{"i":{"x":[0.833,0.833],"y":[1,1]},"o":{"x":[0.167,0.167],"y":[0,0]},"t":119,"s":[100,100]},{"i":{"x":[0.25,0.25],"y":[1,1]},"o":{"x":[0.75,0.75],"y":[0,0]},"t":156,"s":[100,100]},{"t":190,"s":[0,0]}],"ix":3},"r":{"a":0,"k":0,"ix":6},"o":{"a":0,"k":100,"ix":7},"sk":{"a":0,"k":0,"ix":4},"sa":{"a":0,"k":0,"ix":5},"nm":"Transform"}],"nm":"Group 2","np":2,"cix":2,"bm":0,"ix":2,"mn":"ADBE Vector Group","hd":false},{"ty":"gr","it":[{"ind":0,"ty":"sh","ix":1,"ks":{"a":0,"k":{"i":[[0,-1.736],[1.735,0],[0,1.735],[-1.736,0]],"o":[[0,1.735],[-1.736,0],[0,-1.736],[1.735,0]],"v":[[3.143,0],[0,3.143],[-3.143,0],[0,-3.143]],"c":true},"ix":2},"nm":"Path 1","mn":"ADBE Vector Shape - Group","hd":false},{"ty":"fl","c":{"a":0,"k":[0.964705884457,0.184313729405,0.282352954149,1],"ix":4},"o":{"a":0,"k":100,"ix":5},"r":1,"bm":0,"nm":"Fill 1","mn":"ADBE Vector Graphic - Fill","hd":false},{"ty":"tr","p":{"a":0,"k":[302.836,60.441],"ix":2},"a":{"a":0,"k":[0,0],"ix":1},"s":{"a":1,"k":[{"i":{"x":[0.25,0.25],"y":[1,1]},"o":{"x":[0.75,0.75],"y":[0,0]},"t":82,"s":[0,0]},{"i":{"x":[0.833,0.833],"y":[1,1]},"o":{"x":[0.167,0.167],"y":[0,0]},"t":116,"s":[100,100]},{"i":{"x":[0.25,0.25],"y":[1,1]},"o":{"x":[0.75,0.75],"y":[0,0]},"t":159,"s":[100,100]},{"t":193,"s":[0,0]}],"ix":3},"r":{"a":0,"k":0,"ix":6},"o":{"a":0,"k":100,"ix":7},"sk":{"a":0,"k":0,"ix":4},"sa":{"a":0,"k":0,"ix":5},"nm":"Transform"}],"nm":"Group 3","np":2,"cix":2,"bm":0,"ix":3,"mn":"ADBE Vector Group","hd":false},{"ty":"gr","it":[{"ind":0,"ty":"sh","ix":1,"ks":{"a":0,"k":{"i":[[0,-1.735],[1.735,0],[0,1.736],[-1.736,0]],"o":[[0,1.736],[-1.736,0],[0,-1.735],[1.735,0]],"v":[[3.143,0],[0,3.143],[-3.143,0],[0,-3.143]],"c":true},"ix":2},"nm":"Path 1","mn":"ADBE Vector Shape - Group","hd":false},{"ty":"fl","c":{"a":0,"k":[0.964705884457,0.184313729405,0.282352954149,1],"ix":4},"o":{"a":0,"k":100,"ix":5},"r":1,"bm":0,"nm":"Fill 1","mn":"ADBE Vector Graphic - Fill","hd":false},{"ty":"tr","p":{"a":0,"k":[293.448,73.929],"ix":2},"a":{"a":0,"k":[0,0],"ix":1},"s":{"a":1,"k":[{"i":{"x":[0.25,0.25],"y":[1,1]},"o":{"x":[0.75,0.75],"y":[0,0]},"t":79,"s":[0,0]},{"i":{"x":[0.833,0.833],"y":[1,1]},"o":{"x":[0.167,0.167],"y":[0,0]},"t":113,"s":[100,100]},{"i":{"x":[0.25,0.25],"y":[1,1]},"o":{"x":[0.75,0.75],"y":[0,0]},"t":162,"s":[100,100]},{"t":196,"s":[0,0]}],"ix":3},"r":{"a":0,"k":0,"ix":6},"o":{"a":0,"k":100,"ix":7},"sk":{"a":0,"k":0,"ix":4},"sa":{"a":0,"k":0,"ix":5},"nm":"Transform"}],"nm":"Group 4","np":2,"cix":2,"bm":0,"ix":4,"mn":"ADBE Vector Group","hd":false},{"ty":"gr","it":[{"ind":0,"ty":"sh","ix":1,"ks":{"a":0,"k":{"i":[[0,0],[0,0],[0,0],[0,0]],"o":[[0,0],[0,0],[0,0],[0,0]],"v":[[-15.892,11.702],[-6.318,-2.128],[4.08,7.316],[15.892,-11.702]],"c":false},"ix":2},"nm":"Path 1","mn":"ADBE Vector Shape - Group","hd":false},{"ty":"tm","s":{"a":0,"k":0,"ix":1},"e":{"a":1,"k":[{"i":{"x":[0.45],"y":[1]},"o":{"x":[0.55],"y":[0]},"t":65,"s":[0]},{"i":{"x":[0.45],"y":[1]},"o":{"x":[0.55],"y":[0]},"t":99,"s":[100]},{"i":{"x":[0.45],"y":[1]},"o":{"x":[0.55],"y":[0]},"t":175,"s":[100]},{"t":209,"s":[0]}],"ix":2},"o":{"a":0,"k":0,"ix":3},"m":1,"ix":2,"nm":"Trim Paths 1","mn":"ADBE Vector Filter - Trim","hd":false},{"ty":"st","c":{"a":0,"k":[0.964705884457,0.184313729405,0.282352954149,1],"ix":3},"o":{"a":0,"k":100,"ix":4},"w":{"a":0,"k":2,"ix":5},"lc":2,"lj":1,"ml":10,"bm":0,"nm":"Stroke 1","mn":"ADBE Vector Graphic - Stroke","hd":false},{"ty":"tr","p":{"a":0,"k":[309.233,62.404],"ix":2},"a":{"a":0,"k":[0,0],"ix":1},"s":{"a":0,"k":[100,100],"ix":3},"r":{"a":0,"k":0,"ix":6},"o":{"a":0,"k":100,"ix":7},"sk":{"a":0,"k":0,"ix":4},"sa":{"a":0,"k":0,"ix":5},"nm":"Transform"}],"nm":"Group 5","np":3,"cix":2,"bm":0,"ix":5,"mn":"ADBE Vector Group","hd":false}],"ip":0,"op":600,"st":0,"bm":0},{"ddd":0,"ind":3,"ty":4,"nm":"R hand","parent":1,"sr":1,"ks":{"o":{"a":0,"k":100,"ix":11},"r":{"a":1,"k":[{"i":{"x":[0.4],"y":[1]},"o":{"x":[0.6],"y":[0]},"t":0,"s":[-17]},{"i":{"x":[0.4],"y":[1]},"o":{"x":[0.6],"y":[0]},"t":51,"s":[3.9]},{"i":{"x":[0.4],"y":[1]},"o":{"x":[0.167],"y":[0]},"t":65,"s":[0]},{"i":{"x":[0.412],"y":[1]},"o":{"x":[0.376],"y":[0]},"t":81,"s":[3.9]},{"i":{"x":[0.45],"y":[1]},"o":{"x":[0.55],"y":[0]},"t":158,"s":[3.9]},{"i":{"x":[0.45],"y":[1]},"o":{"x":[0.55],"y":[0]},"t":180,"s":[6]},{"t":226,"s":[-17]}],"ix":10},"p":{"a":1,"k":[{"i":{"x":0.4,"y":1},"o":{"x":0.6,"y":0},"t":0,"s":[73.322,93.94,0],"to":[0,-2.167,0],"ti":[0,2.167,0]},{"i":{"x":0.4,"y":0.4},"o":{"x":0.6,"y":0.6},"t":51,"s":[73.322,80.94,0],"to":[0,0,0],"ti":[0,0,0]},{"i":{"x":0.412,"y":0.412},"o":{"x":0.376,"y":0.376},"t":81,"s":[73.322,80.94,0],"to":[0,0,0],"ti":[0,0,0]},{"i":{"x":0.45,"y":0.45},"o":{"x":0.55,"y":0.55},"t":158,"s":[73.322,80.94,0],"to":[0,0,0],"ti":[0,0,0]},{"i":{"x":0.45,"y":1},"o":{"x":0.55,"y":0},"t":180,"s":[73.322,80.94,0],"to":[0,2.167,0],"ti":[0,-2.167,0]},{"t":226,"s":[73.322,93.94,0]}],"ix":2,"l":2},"a":{"a":0,"k":[326.611,112.73,0],"ix":1,"l":2},"s":{"a":0,"k":[100,100,100],"ix":6,"l":2}},"ao":0,"shapes":[{"ty":"gr","it":[{"ind":0,"ty":"sh","ix":1,"ks":{"a":0,"k":{"i":[[0,0],[0,0],[0,0],[0,0]],"o":[[0,0],[0,0],[0,0],[0,0]],"v":[[2.896,2.056],[-1.661,2.924],[-2.896,-2.09],[1.734,-2.924]],"c":true},"ix":2},"nm":"Path 1","mn":"ADBE Vector Shape - Group","hd":false},{"ty":"fl","c":{"a":0,"k":[0.086274512112,0.250980407,0.368627458811,1],"ix":4},"o":{"a":0,"k":100,"ix":5},"r":1,"bm":0,"nm":"Fill 1","mn":"ADBE Vector Graphic - Fill","hd":false},{"ty":"tr","p":{"a":0,"k":[321.418,113.71],"ix":2},"a":{"a":0,"k":[0,0],"ix":1},"s":{"a":0,"k":[100,100],"ix":3},"r":{"a":0,"k":0,"ix":6},"o":{"a":0,"k":100,"ix":7},"sk":{"a":0,"k":0,"ix":4},"sa":{"a":0,"k":0,"ix":5},"nm":"Transform"}],"nm":"Group 1","np":2,"cix":2,"bm":0,"ix":1,"mn":"ADBE Vector Group","hd":false},{"ty":"gr","it":[{"ind":0,"ty":"sh","ix":1,"ks":{"a":0,"k":{"i":[[0,0],[0,0],[0,0],[0,0]],"o":[[0,0],[0,0],[0,0],[0,0]],"v":[[6.114,1.365],[-4.952,3.474],[-6.114,-1.506],[4.727,-3.474]],"c":true},"ix":2},"nm":"Path 1","mn":"ADBE Vector Shape - Group","hd":false},{"ty":"fl","c":{"a":0,"k":[0.109803922474,0.301960796118,0.419607847929,1],"ix":4},"o":{"a":0,"k":100,"ix":5},"r":1,"bm":0,"nm":"Fill 1","mn":"ADBE Vector Graphic - Fill","hd":false},{"ty":"tr","p":{"a":0,"k":[329.266,112.291],"ix":2},"a":{"a":0,"k":[0,0],"ix":1},"s":{"a":0,"k":[100,100],"ix":3},"r":{"a":0,"k":0,"ix":6},"o":{"a":0,"k":100,"ix":7},"sk":{"a":0,"k":0,"ix":4},"sa":{"a":0,"k":0,"ix":5},"nm":"Transform"}],"nm":"Group 2","np":2,"cix":2,"bm":0,"ix":2,"mn":"ADBE Vector Group","hd":false},{"ty":"gr","it":[{"ind":0,"ty":"sh","ix":1,"ks":{"a":0,"k":{"i":[[0,0],[0,0],[0,0],[0,0]],"o":[[0,0],[0,0],[0,0],[0,0]],"v":[[6.256,-2.617],[-6.913,-0.86],[-6.024,2.617],[6.913,0.452]],"c":true},"ix":2},"nm":"Path 1","mn":"ADBE Vector Shape - Group","hd":false},{"ty":"fl","c":{"a":0,"k":[1,1,1,1],"ix":4},"o":{"a":0,"k":100,"ix":5},"r":1,"bm":0,"nm":"Fill 1","mn":"ADBE Vector Graphic - Fill","hd":false},{"ty":"tr","p":{"a":0,"k":[326.037,109.238],"ix":2},"a":{"a":0,"k":[0,0],"ix":1},"s":{"a":0,"k":[100,100],"ix":3},"r":{"a":0,"k":0,"ix":6},"o":{"a":0,"k":100,"ix":7},"sk":{"a":0,"k":0,"ix":4},"sa":{"a":0,"k":0,"ix":5},"nm":"Transform"}],"nm":"Group 3","np":2,"cix":2,"bm":0,"ix":3,"mn":"ADBE Vector Group","hd":false},{"ty":"gr","it":[{"ty":"gr","it":[{"ind":0,"ty":"sh","ix":1,"ks":{"a":1,"k":[{"i":{"x":0.25,"y":1},"o":{"x":0.75,"y":0},"t":26,"s":[{"i":[[0.789,-0.226],[0.203,1.079],[0,0],[0.005,0.074],[-0.073,0.065],[-0.813,-0.414],[-0.081,-0.053],[-0.005,-0.003],[0,0]],"o":[[-0.794,0.223],[0,0],[-0.013,-0.073],[0.068,-0.077],[0.662,-0.623],[0.09,0.043],[0.005,0.003],[0,0],[0.2,1.081]],"v":[[0.444,1.723],[-1.366,0.166],[-1.532,-0.736],[-1.562,-0.964],[-1.345,-1.185],[1.111,-1.526],[1.369,-1.381],[1.385,-1.372],[1.517,-0.651]],"c":true}]},{"i":{"x":0.25,"y":1},"o":{"x":0.75,"y":0},"t":51,"s":[{"i":[[0.807,-0.149],[0.099,1.093],[0,0],[-0.002,0.074],[-0.079,0.058],[-0.77,-0.49],[-0.076,-0.061],[-0.005,-0.003],[0,0]],"o":[[-0.812,0.145],[0,0],[-0.006,-0.074],[0.075,-0.07],[0.719,-0.557],[0.085,0.051],[0.005,0.004],[0,0],[0.095,1.096]],"v":[[1.317,1.866],[-0.335,0.143],[-0.413,-0.772],[-0.422,-1.001],[-0.185,-1.2],[2.293,-1.304],[2.536,-1.135],[2.551,-1.124],[2.613,-0.394]],"c":true}]},{"i":{"x":0.25,"y":1},"o":{"x":0.75,"y":0},"t":65,"s":[{"i":[[0.659,-0.489],[0.57,0.938],[0,0],[0.031,0.068],[-0.046,0.087],[-0.907,-0.101],[-0.095,-0.021],[-0.006,-0.001],[0,0]],"o":[[-0.665,0.488],[0,0],[-0.037,-0.064],[0.037,-0.096],[0.4,-0.816],[0.099,0.009],[0.006,0.001],[0,0],[0.568,0.942]],"v":[[-1.378,2.309],[-3.62,1.489],[-4.093,0.703],[-4.202,0.5],[-4.076,0.218],[-1.898,-0.967],[-1.605,-0.923],[-1.587,-0.919],[-1.209,-0.291]],"c":true}]},{"i":{"x":0.45,"y":1},"o":{"x":0.167,"y":0},"t":80,"s":[{"i":[[0.807,-0.149],[0.099,1.093],[0,0],[-0.002,0.074],[-0.079,0.058],[-0.77,-0.49],[-0.076,-0.061],[-0.005,-0.003],[0,0]],"o":[[-0.812,0.145],[0,0],[-0.006,-0.074],[0.075,-0.07],[0.719,-0.557],[0.085,0.051],[0.005,0.004],[0,0],[0.095,1.096]],"v":[[1.317,1.866],[-0.335,0.143],[-0.413,-0.772],[-0.422,-1.001],[-0.185,-1.2],[2.293,-1.304],[2.536,-1.135],[2.551,-1.124],[2.613,-0.394]],"c":true}]},{"i":{"x":0.45,"y":1},"o":{"x":0.55,"y":0},"t":158,"s":[{"i":[[0.807,-0.149],[0.099,1.093],[0,0],[-0.002,0.074],[-0.079,0.058],[-0.77,-0.49],[-0.076,-0.061],[-0.005,-0.003],[0,0]],"o":[[-0.812,0.145],[0,0],[-0.006,-0.074],[0.075,-0.07],[0.719,-0.557],[0.085,0.051],[0.005,0.004],[0,0],[0.095,1.096]],"v":[[1.317,1.866],[-0.335,0.143],[-0.413,-0.772],[-0.422,-1.001],[-0.185,-1.2],[2.293,-1.304],[2.536,-1.135],[2.551,-1.124],[2.613,-0.394]],"c":true}]},{"i":{"x":0.45,"y":1},"o":{"x":0.55,"y":0},"t":180,"s":[{"i":[[0.807,-0.149],[0.099,1.093],[0,0],[-0.002,0.074],[-0.079,0.058],[-0.77,-0.49],[-0.076,-0.061],[-0.005,-0.003],[0,0]],"o":[[-0.812,0.145],[0,0],[-0.006,-0.074],[0.075,-0.07],[0.719,-0.557],[0.085,0.051],[0.005,0.004],[0,0],[0.095,1.096]],"v":[[1.317,1.866],[-0.335,0.143],[-0.413,-0.772],[-0.422,-1.001],[-0.185,-1.2],[2.293,-1.304],[2.536,-1.135],[2.551,-1.124],[2.613,-0.394]],"c":true}]},{"t":226,"s":[{"i":[[0.789,-0.226],[0.203,1.079],[0,0],[0.005,0.074],[-0.073,0.065],[-0.813,-0.414],[-0.081,-0.053],[-0.005,-0.003],[0,0]],"o":[[-0.794,0.223],[0,0],[-0.013,-0.073],[0.068,-0.077],[0.662,-0.623],[0.09,0.043],[0.005,0.003],[0,0],[0.2,1.081]],"v":[[0.444,1.723],[-1.366,0.166],[-1.532,-0.736],[-1.562,-0.964],[-1.345,-1.185],[1.111,-1.526],[1.369,-1.381],[1.385,-1.372],[1.517,-0.651]],"c":true}]}],"ix":2},"nm":"Path 1","mn":"ADBE Vector Shape - Group","hd":false},{"ty":"fl","c":{"a":0,"k":[0.945098042488,0.764705896378,0.643137276173,1],"ix":4},"o":{"a":0,"k":100,"ix":5},"r":1,"bm":0,"nm":"Fill 1","mn":"ADBE Vector Graphic - Fill","hd":false},{"ty":"tr","p":{"a":0,"k":[316.308,79.76],"ix":2},"a":{"a":0,"k":[0,0],"ix":1},"s":{"a":0,"k":[100,100],"ix":3},"r":{"a":0,"k":0,"ix":6},"o":{"a":0,"k":100,"ix":7},"sk":{"a":0,"k":0,"ix":4},"sa":{"a":0,"k":0,"ix":5},"nm":"Transform"}],"nm":"Group 1","np":2,"cix":2,"bm":0,"ix":1,"mn":"ADBE Vector Group","hd":false},{"ty":"gr","it":[{"ind":0,"ty":"sh","ix":1,"ks":{"a":1,"k":[{"i":{"x":0.25,"y":1},"o":{"x":0.75,"y":0},"t":26,"s":[{"i":[[0.081,-0.067],[0.1,-0.013],[0,0],[0.972,-0.126],[2.003,-0.31],[1.186,1.322],[0.96,2.831],[0.173,1.162],[0.299,0.973],[-1.628,-0.052],[-0.363,-0.218],[-0.255,-0.73],[-0.207,-0.582],[-0.466,-0.619],[0.322,1.985],[0.053,0.407],[0.048,0.368],[0.072,0.551],[0.181,1.388],[0.001,0.014],[0.015,0.442],[-0.101,0.141],[-0.031,0.035],[-0.003,0.005],[-0.073,0.065],[-0.813,-0.414],[-0.081,-0.053],[-0.005,-0.003],[-0.075,-0.09],[-0.024,-0.148],[-0.034,-0.25],[-0.2,-1.581],[-0.079,-0.652],[-0.367,-0.359],[0.041,0.294],[0.042,0.313],[-0.136,0.552],[-0.823,-0.41],[-0.206,-0.825],[-0.11,0.393],[-0.27,0.442],[-0.803,-0.44],[-0.134,-1.148],[-0.184,0.257],[-0.453,0.029],[-0.301,-1.309],[-0.046,-2.416],[0.165,-1.147],[0.05,-1.035],[-0.108,-0.848],[-0.02,-0.153]],"o":[[-0.082,0.067],[0,0],[-0.975,0.128],[-2.014,0.26],[-1.823,0.282],[-1.945,-2.165],[-0.379,-1.119],[-0.145,-0.976],[-0.283,-0.92],[0.413,0.014],[0.67,0.402],[0.206,0.592],[0.261,0.735],[-0.007,-2.015],[-0.053,-0.407],[-0.158,-1.214],[-0.072,-0.551],[-0.181,-1.388],[-0.002,-0.014],[-0.057,-0.439],[-0.005,-0.167],[0.026,-0.038],[0.003,-0.005],[0.069,-0.077],[0.663,-0.623],[0.091,0.043],[0.005,0.003],[0.105,0.069],[0.086,0.106],[0.039,0.248],[0.204,1.581],[0.082,0.648],[0.053,0.434],[-0.05,-0.246],[-0.043,-0.312],[-0.073,-0.55],[0.25,-0.974],[0.863,0.431],[0.061,0.243],[0.212,-0.752],[0.51,-0.833],[1.17,0.641],[0.202,-0.206],[0.27,-0.377],[1.911,-0.125],[0.542,2.355],[0.023,1.158],[-0.146,1.012],[-0.042,0.856],[0.058,0.444],[0.018,0.133]],"v":[[10.308,14.763],[9.811,14.829],[8.851,14.952],[7.088,15.557],[1.026,16.067],[-2.908,13.815],[-8.763,6.869],[-9.84,3.34],[-10.236,0.449],[-9.966,-2.134],[-8.505,-1.812],[-7.019,0.243],[-6.689,2.038],[-5.418,4.123],[-5.962,-1.545],[-6.12,-2.765],[-6.74,-7.512],[-6.955,-9.166],[-7.498,-13.331],[-7.503,-13.374],[-7.676,-14.714],[-7.513,-15.181],[-7.429,-15.292],[-7.416,-15.307],[-7.199,-15.528],[-4.743,-15.869],[-4.483,-15.724],[-4.469,-15.714],[-4.197,-15.478],[-4.025,-15.1],[-3.929,-14.359],[-3.333,-9.615],[-3.109,-7.66],[-2.114,-3.507],[-2.074,-4.437],[-2.205,-5.373],[-2.353,-7.219],[0.226,-8.167],[1.434,-5.74],[2.001,-4.993],[2.438,-7.57],[4.903,-8.076],[6.221,-4.396],[6.513,-5.705],[7.793,-6.36],[9.937,-2.88],[10.821,4.303],[10.728,7.857],[9.865,10.79],[10.187,13.448],[10.31,14.411]],"c":true}]},{"i":{"x":0.25,"y":1},"o":{"x":0.75,"y":0},"t":51,"s":[{"i":[[0.081,-0.067],[0.1,-0.013],[0,0],[0.972,-0.126],[2.003,-0.31],[1.186,1.322],[0.96,2.831],[0.173,1.162],[0.299,0.973],[-1.628,-0.052],[-0.363,-0.218],[-0.255,-0.73],[-0.207,-0.582],[-0.466,-0.619],[0.207,2.001],[0.029,0.409],[0.012,0.371],[0.019,0.556],[0.047,1.399],[0,0.014],[-0.028,0.441],[-0.114,0.131],[-0.034,0.032],[-0.003,0.004],[-0.079,0.058],[-0.769,-0.49],[-0.076,-0.061],[-0.005,-0.004],[-0.066,-0.097],[-0.01,-0.149],[-0.008,-0.252],[-0.046,-1.593],[-0.014,-0.615],[-0.346,-0.38],[0.041,0.294],[0.042,0.313],[-0.136,0.552],[-0.823,-0.41],[-0.206,-0.825],[-0.11,0.393],[-0.27,0.442],[-0.803,-0.44],[-0.134,-1.148],[-0.184,0.257],[-0.453,0.029],[-0.301,-1.309],[-0.046,-2.416],[0.165,-1.147],[0.05,-1.035],[-0.108,-0.848],[-0.02,-0.153]],"o":[[-0.082,0.067],[0,0],[-0.975,0.128],[-2.014,0.26],[-1.823,0.282],[-1.945,-2.165],[-0.379,-1.119],[-0.145,-0.976],[-0.283,-0.92],[0.413,0.014],[0.67,0.402],[0.206,0.592],[0.261,0.735],[-0.007,-2.015],[-0.029,-0.409],[-0.088,-1.221],[-0.019,-0.556],[-0.047,-1.399],[-0.001,-0.014],[-0.014,-0.442],[0.011,-0.167],[0.03,-0.035],[0.003,-0.005],[0.076,-0.07],[0.72,-0.556],[0.086,0.052],[0.005,0.004],[0.097,0.079],[0.075,0.114],[0.015,0.251],[0.051,1.593],[0.019,0.652],[0.01,0.41],[-0.035,-0.248],[-0.043,-0.312],[-0.073,-0.55],[0.25,-0.974],[0.863,0.431],[0.061,0.243],[0.212,-0.752],[0.51,-0.833],[1.17,0.641],[0.202,-0.206],[0.27,-0.377],[1.911,-0.125],[0.542,2.355],[0.023,1.158],[-0.146,1.012],[-0.042,0.856],[0.058,0.444],[0.018,0.133]],"v":[[10.308,14.763],[9.811,14.829],[8.851,14.952],[7.088,15.557],[1.026,16.067],[-2.908,13.815],[-8.763,6.869],[-9.84,3.34],[-10.236,0.449],[-9.966,-2.134],[-8.505,-1.812],[-7.019,0.243],[-6.689,2.038],[-5.418,4.123],[-5.962,-1.548],[-6.05,-2.775],[-6.342,-7.548],[-6.398,-9.215],[-6.538,-13.413],[-6.539,-13.456],[-6.582,-14.807],[-6.375,-15.256],[-6.281,-15.358],[-6.267,-15.372],[-6.029,-15.571],[-3.552,-15.675],[-3.307,-15.506],[-3.294,-15.494],[-3.046,-15.233],[-2.912,-14.84],[-2.886,-14.093],[-2.749,-9.314],[-2.73,-7.438],[-2.007,-3.284],[-2.074,-4.437],[-2.205,-5.373],[-2.353,-7.219],[0.226,-8.167],[1.434,-5.74],[2.001,-4.993],[2.438,-7.57],[4.903,-8.076],[6.221,-4.396],[6.513,-5.705],[7.793,-6.36],[9.937,-2.88],[10.821,4.303],[10.728,7.857],[9.865,10.79],[10.187,13.448],[10.31,14.411]],"c":true}]},{"i":{"x":0.25,"y":1},"o":{"x":0.75,"y":0},"t":65,"s":[{"i":[[0.081,-0.067],[0.1,-0.013],[0,0],[0.972,-0.126],[2.003,-0.31],[1.186,1.322],[0.96,2.831],[0.173,1.162],[0.299,0.973],[-1.628,-0.052],[-0.363,-0.218],[-0.255,-0.73],[-0.207,-0.582],[-0.466,-0.619],[0.207,2.001],[0.105,0.396],[0.143,0.343],[0.261,0.491],[0.658,1.236],[0.006,0.013],[0.169,0.408],[-0.045,0.167],[-0.017,0.043],[-0.001,0.006],[-0.046,0.087],[-0.906,-0.101],[-0.095,-0.021],[-0.006,-0.001],[-0.102,-0.058],[-0.075,-0.129],[-0.118,-0.223],[-0.743,-1.409],[-0.232,-0.572],[-0.411,-0.308],[0.041,0.294],[0.042,0.313],[-0.136,0.552],[-0.823,-0.41],[-0.206,-0.825],[-0.11,0.393],[-0.27,0.442],[-0.803,-0.44],[-0.134,-1.148],[-0.184,0.257],[-0.453,0.029],[-0.301,-1.309],[-0.046,-2.416],[0.165,-1.147],[0.05,-1.035],[-0.108,-0.848],[-0.02,-0.153]],"o":[[-0.082,0.067],[0,0],[-0.975,0.128],[-2.014,0.26],[-1.823,0.282],[-1.945,-2.165],[-0.379,-1.119],[-0.145,-0.976],[-0.283,-0.92],[0.413,0.014],[0.67,0.402],[0.206,0.592],[0.261,0.735],[-0.007,-2.015],[-0.029,-0.409],[-0.315,-1.183],[-0.214,-0.513],[-0.658,-1.236],[-0.007,-0.012],[-0.207,-0.39],[-0.063,-0.155],[0.011,-0.045],[0.001,-0.006],[0.038,-0.097],[0.401,-0.816],[0.1,0.009],[0.006,0.001],[0.122,0.028],[0.118,0.069],[0.124,0.218],[0.748,1.408],[0.305,0.579],[0.154,0.378],[-0.081,-0.237],[-0.043,-0.312],[-0.073,-0.55],[0.25,-0.974],[0.863,0.431],[0.061,0.243],[0.212,-0.752],[0.51,-0.833],[1.17,0.641],[0.202,-0.206],[0.27,-0.377],[1.911,-0.125],[0.542,2.355],[0.023,1.158],[-0.146,1.012],[-0.042,0.856],[0.058,0.444],[0.018,0.133]],"v":[[10.308,14.763],[9.811,14.829],[8.851,14.952],[7.088,15.557],[1.026,16.067],[-2.908,13.815],[-8.763,6.869],[-9.84,3.34],[-10.236,0.449],[-9.966,-2.134],[-8.505,-1.812],[-7.019,0.243],[-6.689,2.038],[-5.418,4.123],[-5.962,-1.548],[-5.915,-2.377],[-7.052,-6.712],[-8.421,-10.025],[-9.445,-11.857],[-9.465,-11.895],[-10.098,-13.089],[-10.11,-13.583],[-10.071,-13.717],[-10.064,-13.735],[-9.939,-14.018],[-7.76,-15.202],[-7.466,-15.158],[-7.449,-15.154],[-7.112,-15.029],[-6.818,-14.735],[-6.466,-14.075],[-5.127,-11.624],[-3.633,-7.884],[-2.039,-3.633],[-2.074,-4.437],[-2.205,-5.373],[-2.353,-7.219],[0.226,-8.167],[1.434,-5.74],[2.001,-4.993],[2.438,-7.57],[4.903,-8.076],[6.221,-4.396],[6.513,-5.705],[7.793,-6.36],[9.937,-2.88],[10.821,4.303],[10.728,7.857],[9.865,10.79],[10.187,13.448],[10.31,14.411]],"c":true}]},{"i":{"x":0.45,"y":1},"o":{"x":0.167,"y":0},"t":80,"s":[{"i":[[0.081,-0.067],[0.1,-0.013],[0,0],[0.972,-0.126],[2.003,-0.31],[1.186,1.322],[0.96,2.831],[0.173,1.162],[0.299,0.973],[-1.628,-0.052],[-0.363,-0.218],[-0.255,-0.73],[-0.207,-0.582],[-0.466,-0.619],[0.207,2.001],[0.029,0.409],[0.012,0.371],[0.019,0.556],[0.047,1.399],[0,0.014],[-0.028,0.441],[-0.114,0.131],[-0.034,0.032],[-0.003,0.004],[-0.079,0.058],[-0.769,-0.49],[-0.076,-0.061],[-0.005,-0.004],[-0.066,-0.097],[-0.01,-0.149],[-0.008,-0.252],[-0.046,-1.593],[-0.014,-0.615],[-0.346,-0.38],[0.041,0.294],[0.042,0.313],[-0.136,0.552],[-0.823,-0.41],[-0.206,-0.825],[-0.11,0.393],[-0.27,0.442],[-0.803,-0.44],[-0.134,-1.148],[-0.184,0.257],[-0.453,0.029],[-0.301,-1.309],[-0.046,-2.416],[0.165,-1.147],[0.05,-1.035],[-0.108,-0.848],[-0.019,-0.153]],"o":[[-0.082,0.067],[0,0],[-0.975,0.128],[-2.014,0.26],[-1.823,0.282],[-1.945,-2.165],[-0.379,-1.119],[-0.145,-0.976],[-0.283,-0.92],[0.413,0.014],[0.67,0.402],[0.206,0.592],[0.261,0.735],[-0.007,-2.015],[-0.029,-0.409],[-0.088,-1.221],[-0.019,-0.556],[-0.047,-1.399],[-0.001,-0.014],[-0.014,-0.442],[0.011,-0.167],[0.03,-0.035],[0.003,-0.005],[0.076,-0.07],[0.72,-0.556],[0.086,0.052],[0.005,0.004],[0.097,0.079],[0.075,0.114],[0.015,0.251],[0.051,1.593],[0.019,0.652],[0.01,0.41],[-0.035,-0.248],[-0.043,-0.312],[-0.073,-0.55],[0.25,-0.974],[0.863,0.431],[0.061,0.243],[0.212,-0.752],[0.51,-0.833],[1.17,0.641],[0.202,-0.206],[0.271,-0.377],[1.911,-0.125],[0.542,2.355],[0.023,1.158],[-0.146,1.012],[-0.042,0.856],[0.058,0.444],[0.018,0.133]],"v":[[10.308,14.763],[9.811,14.829],[8.851,14.952],[7.088,15.557],[1.026,16.067],[-2.908,13.815],[-8.763,6.869],[-9.84,3.34],[-10.236,0.449],[-9.966,-2.134],[-8.505,-1.812],[-7.019,0.243],[-6.689,2.038],[-5.418,4.123],[-5.962,-1.548],[-6.05,-2.775],[-6.342,-7.548],[-6.398,-9.215],[-6.538,-13.413],[-6.539,-13.456],[-6.582,-14.807],[-6.375,-15.256],[-6.281,-15.358],[-6.267,-15.372],[-6.029,-15.571],[-3.552,-15.675],[-3.307,-15.506],[-3.294,-15.494],[-3.046,-15.233],[-2.912,-14.84],[-2.886,-14.093],[-2.749,-9.314],[-2.73,-7.438],[-2.007,-3.284],[-2.074,-4.437],[-2.205,-5.373],[-2.353,-7.219],[0.226,-8.167],[1.434,-5.74],[2.001,-4.993],[2.438,-7.57],[4.903,-8.076],[6.221,-4.396],[6.513,-5.705],[7.793,-6.36],[9.937,-2.88],[10.822,4.303],[10.728,7.857],[9.865,10.79],[10.187,13.448],[10.31,14.411]],"c":true}]},{"i":{"x":0.45,"y":1},"o":{"x":0.55,"y":0},"t":158,"s":[{"i":[[0.081,-0.067],[0.1,-0.013],[0,0],[0.972,-0.126],[2.003,-0.31],[1.186,1.322],[0.96,2.831],[0.173,1.162],[0.299,0.973],[-1.628,-0.052],[-0.363,-0.218],[-0.255,-0.73],[-0.207,-0.582],[-0.466,-0.619],[0.207,2.001],[0.029,0.409],[0.012,0.371],[0.019,0.556],[0.047,1.399],[0,0.014],[-0.028,0.441],[-0.114,0.131],[-0.034,0.032],[-0.003,0.004],[-0.079,0.058],[-0.769,-0.49],[-0.076,-0.061],[-0.005,-0.004],[-0.066,-0.097],[-0.01,-0.149],[-0.008,-0.252],[-0.046,-1.593],[-0.014,-0.615],[-0.346,-0.38],[0.041,0.294],[0.042,0.313],[-0.136,0.552],[-0.823,-0.41],[-0.206,-0.825],[-0.11,0.393],[-0.27,0.442],[-0.803,-0.44],[-0.134,-1.148],[-0.184,0.257],[-0.453,0.029],[-0.301,-1.309],[-0.046,-2.416],[0.165,-1.147],[0.05,-1.035],[-0.108,-0.848],[-0.019,-0.153]],"o":[[-0.082,0.067],[0,0],[-0.975,0.128],[-2.014,0.26],[-1.823,0.282],[-1.945,-2.165],[-0.379,-1.119],[-0.145,-0.976],[-0.283,-0.92],[0.413,0.014],[0.67,0.402],[0.206,0.592],[0.261,0.735],[-0.007,-2.015],[-0.029,-0.409],[-0.088,-1.221],[-0.019,-0.556],[-0.047,-1.399],[-0.001,-0.014],[-0.014,-0.442],[0.011,-0.167],[0.03,-0.035],[0.003,-0.005],[0.076,-0.07],[0.72,-0.556],[0.086,0.052],[0.005,0.004],[0.097,0.079],[0.075,0.114],[0.015,0.251],[0.051,1.593],[0.019,0.652],[0.01,0.41],[-0.035,-0.248],[-0.043,-0.312],[-0.073,-0.55],[0.25,-0.974],[0.863,0.431],[0.061,0.243],[0.212,-0.752],[0.51,-0.833],[1.17,0.641],[0.202,-0.206],[0.271,-0.377],[1.911,-0.125],[0.542,2.355],[0.023,1.158],[-0.146,1.012],[-0.042,0.856],[0.058,0.444],[0.018,0.133]],"v":[[10.308,14.763],[9.811,14.829],[8.851,14.952],[7.088,15.557],[1.026,16.067],[-2.908,13.815],[-8.763,6.869],[-9.84,3.34],[-10.236,0.449],[-9.966,-2.134],[-8.505,-1.812],[-7.019,0.243],[-6.689,2.038],[-5.418,4.123],[-5.962,-1.548],[-6.05,-2.775],[-6.342,-7.548],[-6.398,-9.215],[-6.538,-13.413],[-6.539,-13.456],[-6.582,-14.807],[-6.375,-15.256],[-6.281,-15.358],[-6.267,-15.372],[-6.029,-15.571],[-3.552,-15.675],[-3.307,-15.506],[-3.294,-15.494],[-3.046,-15.233],[-2.912,-14.84],[-2.886,-14.093],[-2.749,-9.314],[-2.73,-7.438],[-2.007,-3.284],[-2.074,-4.437],[-2.205,-5.373],[-2.353,-7.219],[0.226,-8.167],[1.434,-5.74],[2.001,-4.993],[2.438,-7.57],[4.903,-8.076],[6.221,-4.396],[6.513,-5.705],[7.793,-6.36],[9.937,-2.88],[10.822,4.303],[10.728,7.857],[9.865,10.79],[10.187,13.448],[10.31,14.411]],"c":true}]},{"i":{"x":0.45,"y":1},"o":{"x":0.55,"y":0},"t":180,"s":[{"i":[[0.081,-0.067],[0.1,-0.013],[0,0],[0.972,-0.126],[2.003,-0.31],[1.186,1.322],[0.96,2.831],[0.173,1.162],[0.299,0.973],[-1.628,-0.052],[-0.363,-0.218],[-0.255,-0.73],[-0.207,-0.582],[-0.466,-0.619],[0.207,2.001],[0.029,0.409],[0.012,0.371],[0.019,0.556],[0.047,1.399],[0,0.014],[-0.028,0.441],[-0.114,0.131],[-0.034,0.032],[-0.003,0.004],[-0.079,0.058],[-0.769,-0.49],[-0.076,-0.061],[-0.005,-0.004],[-0.066,-0.097],[-0.01,-0.149],[-0.008,-0.252],[-0.046,-1.593],[-0.014,-0.615],[-0.346,-0.38],[0.041,0.294],[0.042,0.313],[-0.136,0.552],[-0.823,-0.41],[-0.206,-0.825],[-0.11,0.393],[-0.27,0.442],[-0.803,-0.44],[-0.134,-1.148],[-0.184,0.257],[-0.453,0.029],[-0.301,-1.309],[-0.046,-2.416],[0.165,-1.147],[0.05,-1.035],[-0.108,-0.848],[-0.019,-0.153]],"o":[[-0.082,0.067],[0,0],[-0.975,0.128],[-2.014,0.26],[-1.823,0.282],[-1.945,-2.165],[-0.379,-1.119],[-0.145,-0.976],[-0.283,-0.92],[0.413,0.014],[0.67,0.402],[0.206,0.592],[0.261,0.735],[-0.007,-2.015],[-0.029,-0.409],[-0.088,-1.221],[-0.019,-0.556],[-0.047,-1.399],[-0.001,-0.014],[-0.014,-0.442],[0.011,-0.167],[0.03,-0.035],[0.003,-0.005],[0.076,-0.07],[0.72,-0.556],[0.086,0.052],[0.005,0.004],[0.097,0.079],[0.075,0.114],[0.015,0.251],[0.051,1.593],[0.019,0.652],[0.01,0.41],[-0.035,-0.248],[-0.043,-0.312],[-0.073,-0.55],[0.25,-0.974],[0.863,0.431],[0.061,0.243],[0.212,-0.752],[0.51,-0.833],[1.17,0.641],[0.202,-0.206],[0.271,-0.377],[1.911,-0.125],[0.542,2.355],[0.023,1.158],[-0.146,1.012],[-0.042,0.856],[0.058,0.444],[0.018,0.133]],"v":[[10.308,14.763],[9.811,14.829],[8.851,14.952],[7.088,15.557],[1.026,16.067],[-2.908,13.815],[-8.763,6.869],[-9.84,3.34],[-10.236,0.449],[-9.966,-2.134],[-8.505,-1.812],[-7.019,0.243],[-6.689,2.038],[-5.418,4.123],[-5.962,-1.548],[-6.05,-2.775],[-6.342,-7.548],[-6.398,-9.215],[-6.538,-13.413],[-6.539,-13.456],[-6.582,-14.807],[-6.375,-15.256],[-6.281,-15.358],[-6.267,-15.372],[-6.029,-15.571],[-3.552,-15.675],[-3.307,-15.506],[-3.294,-15.494],[-3.046,-15.233],[-2.912,-14.84],[-2.886,-14.093],[-2.749,-9.314],[-2.73,-7.438],[-2.007,-3.284],[-2.074,-4.437],[-2.205,-5.373],[-2.353,-7.219],[0.226,-8.167],[1.434,-5.74],[2.001,-4.993],[2.438,-7.57],[4.903,-8.076],[6.221,-4.396],[6.513,-5.705],[7.793,-6.36],[9.937,-2.88],[10.822,4.303],[10.728,7.857],[9.865,10.79],[10.187,13.448],[10.31,14.411]],"c":true}]},{"t":226,"s":[{"i":[[0.081,-0.067],[0.1,-0.013],[0,0],[0.972,-0.126],[2.003,-0.31],[1.186,1.322],[0.96,2.831],[0.173,1.162],[0.299,0.973],[-1.628,-0.052],[-0.363,-0.218],[-0.255,-0.73],[-0.207,-0.582],[-0.466,-0.619],[0.322,1.985],[0.053,0.407],[0.048,0.368],[0.072,0.551],[0.181,1.388],[0.001,0.014],[0.015,0.442],[-0.101,0.141],[-0.031,0.035],[-0.003,0.005],[-0.073,0.065],[-0.813,-0.414],[-0.081,-0.053],[-0.005,-0.003],[-0.075,-0.09],[-0.024,-0.148],[-0.034,-0.25],[-0.2,-1.581],[-0.079,-0.652],[-0.367,-0.359],[0.041,0.294],[0.042,0.313],[-0.136,0.552],[-0.823,-0.41],[-0.206,-0.825],[-0.11,0.393],[-0.27,0.442],[-0.803,-0.44],[-0.134,-1.148],[-0.184,0.257],[-0.453,0.029],[-0.301,-1.309],[-0.046,-2.416],[0.165,-1.147],[0.05,-1.035],[-0.108,-0.848],[-0.02,-0.153]],"o":[[-0.082,0.067],[0,0],[-0.975,0.128],[-2.014,0.26],[-1.823,0.282],[-1.945,-2.165],[-0.379,-1.119],[-0.145,-0.976],[-0.283,-0.92],[0.413,0.014],[0.67,0.402],[0.206,0.592],[0.261,0.735],[-0.007,-2.015],[-0.053,-0.407],[-0.158,-1.214],[-0.072,-0.551],[-0.181,-1.388],[-0.002,-0.014],[-0.057,-0.439],[-0.005,-0.167],[0.026,-0.038],[0.003,-0.005],[0.069,-0.077],[0.663,-0.623],[0.091,0.043],[0.005,0.003],[0.105,0.069],[0.086,0.106],[0.039,0.248],[0.204,1.581],[0.082,0.648],[0.053,0.434],[-0.05,-0.246],[-0.043,-0.312],[-0.073,-0.55],[0.25,-0.974],[0.863,0.431],[0.061,0.243],[0.212,-0.752],[0.51,-0.833],[1.17,0.641],[0.202,-0.206],[0.27,-0.377],[1.911,-0.125],[0.542,2.355],[0.023,1.158],[-0.146,1.012],[-0.042,0.856],[0.058,0.444],[0.018,0.133]],"v":[[10.308,14.763],[9.811,14.829],[8.851,14.952],[7.088,15.557],[1.026,16.067],[-2.908,13.815],[-8.763,6.869],[-9.84,3.34],[-10.236,0.449],[-9.966,-2.134],[-8.505,-1.812],[-7.019,0.243],[-6.689,2.038],[-5.418,4.123],[-5.962,-1.545],[-6.12,-2.765],[-6.74,-7.512],[-6.955,-9.166],[-7.498,-13.331],[-7.503,-13.374],[-7.676,-14.714],[-7.513,-15.181],[-7.429,-15.292],[-7.416,-15.307],[-7.199,-15.528],[-4.743,-15.869],[-4.483,-15.724],[-4.469,-15.714],[-4.197,-15.478],[-4.025,-15.1],[-3.929,-14.359],[-3.333,-9.615],[-3.109,-7.66],[-2.114,-3.507],[-2.074,-4.437],[-2.205,-5.373],[-2.353,-7.219],[0.226,-8.167],[1.434,-5.74],[2.001,-4.993],[2.438,-7.57],[4.903,-8.076],[6.221,-4.396],[6.513,-5.705],[7.793,-6.36],[9.937,-2.88],[10.821,4.303],[10.728,7.857],[9.865,10.79],[10.187,13.448],[10.31,14.411]],"c":true}]}],"ix":2},"nm":"Path 1","mn":"ADBE Vector Shape - Group","hd":false},{"ty":"fl","c":{"a":0,"k":[0.901960790157,0.686274528503,0.529411792755,1],"ix":4},"o":{"a":0,"k":100,"ix":5},"r":1,"bm":0,"nm":"Fill 1","mn":"ADBE Vector Graphic - Fill","hd":false},{"ty":"tr","p":{"a":0,"k":[321.87,94.025],"ix":2},"a":{"a":0,"k":[0,0],"ix":1},"s":{"a":0,"k":[100,100],"ix":3},"r":{"a":0,"k":0,"ix":6},"o":{"a":0,"k":100,"ix":7},"sk":{"a":0,"k":0,"ix":4},"sa":{"a":0,"k":0,"ix":5},"nm":"Transform"}],"nm":"Group 2","np":2,"cix":2,"bm":0,"ix":2,"mn":"ADBE Vector Group","hd":false},{"ty":"tr","p":{"a":0,"k":[321.87,94.025],"ix":2},"a":{"a":0,"k":[321.87,94.025],"ix":1},"s":{"a":0,"k":[100,100],"ix":3},"r":{"a":0,"k":0,"ix":6},"o":{"a":0,"k":100,"ix":7},"sk":{"a":0,"k":0,"ix":4},"sa":{"a":0,"k":0,"ix":5},"nm":"Transform"}],"nm":"Hand","np":2,"cix":2,"bm":0,"ix":4,"mn":"ADBE Vector Group","hd":false}],"ip":0,"op":600,"st":0,"bm":0},{"ddd":0,"ind":4,"ty":4,"nm":"Shape Layer 1","parent":6,"sr":1,"ks":{"o":{"a":0,"k":100,"ix":11},"r":{"a":0,"k":0,"ix":10},"p":{"a":0,"k":[312.662,79.097,0],"ix":2,"l":2},"a":{"a":0,"k":[57.75,-9.75,0],"ix":1,"l":2},"s":{"a":1,"k":[{"i":{"x":[0.45,0.45,0.45],"y":[1,1,1]},"o":{"x":[0.55,0.55,0.55],"y":[0,0,0]},"t":59,"s":[0,0,100]},{"t":79,"s":[16,16,100]}],"ix":6,"l":2}},"ao":0,"shapes":[{"ty":"gr","it":[{"d":1,"ty":"el","s":{"a":0,"k":[24.5,24.5],"ix":2},"p":{"a":0,"k":[0,0],"ix":3},"nm":"Ellipse Path 1","mn":"ADBE Vector Shape - Ellipse","hd":false},{"ty":"st","c":{"a":0,"k":[0.964691162109,0.184295654297,0.282348632813,1],"ix":3},"o":{"a":0,"k":100,"ix":4},"w":{"a":1,"k":[{"i":{"x":[0.45],"y":[1]},"o":{"x":[0.55],"y":[0]},"t":66,"s":[15]},{"t":79,"s":[0]}],"ix":5},"lc":1,"lj":1,"ml":4,"bm":0,"nm":"Stroke 1","mn":"ADBE Vector Graphic - Stroke","hd":false},{"ty":"tr","p":{"a":0,"k":[57.75,-9.75],"ix":2},"a":{"a":0,"k":[0,0],"ix":1},"s":{"a":0,"k":[100,100],"ix":3},"r":{"a":0,"k":0,"ix":6},"o":{"a":0,"k":100,"ix":7},"sk":{"a":0,"k":0,"ix":4},"sa":{"a":0,"k":0,"ix":5},"nm":"Transform"}],"nm":"Ellipse 1","np":3,"cix":2,"bm":0,"ix":1,"mn":"ADBE Vector Group","hd":false}],"ip":0,"op":600,"st":0,"bm":0},{"ddd":0,"ind":5,"ty":4,"nm":"L Hand","parent":1,"sr":1,"ks":{"o":{"a":0,"k":100,"ix":11},"r":{"a":1,"k":[{"i":{"x":[0.45],"y":[1]},"o":{"x":[0.55],"y":[0]},"t":0,"s":[18]},{"i":{"x":[0.45],"y":[1]},"o":{"x":[0.55],"y":[0]},"t":35.855,"s":[-6.9]},{"i":{"x":[0.833],"y":[1]},"o":{"x":[0.167],"y":[0]},"t":68,"s":[0]},{"i":{"x":[0.45],"y":[1]},"o":{"x":[0.55],"y":[0]},"t":148,"s":[0]},{"i":{"x":[0.45],"y":[1]},"o":{"x":[0.55],"y":[0]},"t":180.145,"s":[-6.9]},{"t":216,"s":[18]}],"ix":10},"p":{"a":1,"k":[{"i":{"x":0.45,"y":1},"o":{"x":0.55,"y":0},"t":0,"s":[30.087,83.245,0],"to":[0,-2.067,0],"ti":[0,2.067,0]},{"i":{"x":0.833,"y":1},"o":{"x":0.167,"y":0},"t":43.273,"s":[30.087,70.845,0],"to":[0,0,0],"ti":[0,0,0]},{"i":{"x":0.45,"y":1},"o":{"x":0.55,"y":0},"t":172.727,"s":[30.087,70.845,0],"to":[0,2.067,0],"ti":[0,-2.067,0]},{"i":{"x":0.45,"y":0.45},"o":{"x":0.55,"y":0.55},"t":216,"s":[30.087,83.245,0],"to":[0,0,0],"ti":[0,0,0]},{"t":226,"s":[30.087,83.245,0]}],"ix":2,"l":2},"a":{"a":0,"k":[283.376,101.035,0],"ix":1,"l":2},"s":{"a":0,"k":[100,100,100],"ix":6,"l":2}},"ao":0,"shapes":[{"ty":"gr","it":[{"ind":0,"ty":"sh","ix":1,"ks":{"a":0,"k":{"i":[[-0.008,-0.83],[0,-0.021],[0.004,-0.038],[0.139,-0.229],[0.255,0.083],[-0.153,0.395],[0,0]],"o":[[-0.002,0.02],[-0.004,0.036],[-0.033,0.274],[-0.535,-0.046],[-2.549,-0.823],[0,0],[0.066,0.061]],"v":[[1.878,0.514],[1.876,0.575],[1.866,0.684],[1.604,1.448],[0.247,1.257],[-1.763,-1.448],[1.193,-0.954]],"c":true},"ix":2},"nm":"Path 1","mn":"ADBE Vector Shape - Group","hd":false},{"ty":"fl","c":{"a":0,"k":[0.945098042488,0.764705896378,0.643137276173,1],"ix":4},"o":{"a":0,"k":100,"ix":5},"r":1,"bm":0,"nm":"Fill 1","mn":"ADBE Vector Graphic - Fill","hd":false},{"ty":"tr","p":{"a":0,"k":[293.941,89.65],"ix":2},"a":{"a":0,"k":[0,0],"ix":1},"s":{"a":0,"k":[100,100],"ix":3},"r":{"a":0,"k":0,"ix":6},"o":{"a":0,"k":100,"ix":7},"sk":{"a":0,"k":0,"ix":4},"sa":{"a":0,"k":0,"ix":5},"nm":"Transform"}],"nm":"Group 1","np":2,"cix":2,"bm":0,"ix":1,"mn":"ADBE Vector Group","hd":false},{"ty":"gr","it":[{"ind":0,"ty":"sh","ix":1,"ks":{"a":0,"k":{"i":[[0,0],[0,0],[1.794,1.043],[0,0]],"o":[[0,0],[-1.539,-0.947],[0,0],[0,0]],"v":[[3.59,-0.702],[1.503,3.55],[-3.59,0.516],[-1.503,-3.55]],"c":true},"ix":2},"nm":"Path 1","mn":"ADBE Vector Shape - Group","hd":false},{"ty":"fl","c":{"a":0,"k":[0.109803922474,0.301960796118,0.419607847929,1],"ix":4},"o":{"a":0,"k":100,"ix":5},"r":1,"bm":0,"nm":"Fill 1","mn":"ADBE Vector Graphic - Fill","hd":false},{"ty":"tr","p":{"a":0,"k":[283.22,111.273],"ix":2},"a":{"a":0,"k":[0,0],"ix":1},"s":{"a":0,"k":[100,100],"ix":3},"r":{"a":0,"k":0,"ix":6},"o":{"a":0,"k":100,"ix":7},"sk":{"a":0,"k":0,"ix":4},"sa":{"a":0,"k":0,"ix":5},"nm":"Transform"}],"nm":"Group 2","np":2,"cix":2,"bm":0,"ix":2,"mn":"ADBE Vector Group","hd":false},{"ty":"gr","it":[{"ind":0,"ty":"sh","ix":1,"ks":{"a":0,"k":{"i":[[0,0],[0,0],[2.368,1.257],[0,0]],"o":[[0,0],[-3.113,-1.816],[0,0],[0,0]],"v":[[5.392,0.335],[3.305,4.402],[-5.392,-0.477],[-3.085,-4.402]],"c":true},"ix":2},"nm":"Path 1","mn":"ADBE Vector Shape - Group","hd":false},{"ty":"fl","c":{"a":0,"k":[0.086274512112,0.250980407,0.368627458811,1],"ix":4},"o":{"a":0,"k":100,"ix":5},"r":1,"bm":0,"nm":"Fill 1","mn":"ADBE Vector Graphic - Fill","hd":false},{"ty":"tr","p":{"a":0,"k":[276.325,107.387],"ix":2},"a":{"a":0,"k":[0,0],"ix":1},"s":{"a":0,"k":[100,100],"ix":3},"r":{"a":0,"k":0,"ix":6},"o":{"a":0,"k":100,"ix":7},"sk":{"a":0,"k":0,"ix":4},"sa":{"a":0,"k":0,"ix":5},"nm":"Transform"}],"nm":"Group 3","np":2,"cix":2,"bm":0,"ix":3,"mn":"ADBE Vector Group","hd":false},{"ty":"gr","it":[{"ind":0,"ty":"sh","ix":1,"ks":{"a":0,"k":{"i":[[0,0],[0,0],[0,0],[0,0]],"o":[[0,0],[0,0],[0,0],[0,0]],"v":[[-6.825,-2.005],[-5.327,-5.266],[6.825,1.51],[4.811,5.266]],"c":true},"ix":2},"nm":"Path 1","mn":"ADBE Vector Shape - Group","hd":false},{"ty":"fl","c":{"a":0,"k":[1,1,1,1],"ix":4},"o":{"a":0,"k":100,"ix":5},"r":1,"bm":0,"nm":"Fill 1","mn":"ADBE Vector Graphic - Fill","hd":false},{"ty":"tr","p":{"a":0,"k":[280.387,106.495],"ix":2},"a":{"a":0,"k":[0,0],"ix":1},"s":{"a":0,"k":[100,100],"ix":3},"r":{"a":0,"k":0,"ix":6},"o":{"a":0,"k":100,"ix":7},"sk":{"a":0,"k":0,"ix":4},"sa":{"a":0,"k":0,"ix":5},"nm":"Transform"}],"nm":"Group 4","np":2,"cix":2,"bm":0,"ix":4,"mn":"ADBE Vector Group","hd":false},{"ty":"gr","it":[{"ind":0,"ty":"sh","ix":1,"ks":{"a":0,"k":{"i":[[-0.008,-0.83],[0,-0.021],[0.008,-0.061],[0.164,-0.237],[0.021,-0.027],[0.642,-0.067],[0,0],[0,0],[0,0],[0,0],[0,0],[0,0],[0,0],[0,0],[0,0],[0,0],[0,0]],"o":[[-0.002,0.02],[0,0.059],[-0.039,0.284],[-0.02,0.03],[-0.342,0.448],[0,0],[0,0],[0,0],[0,0],[0,0],[0,0],[0,0],[0,0],[0,0],[0,0],[0,0],[0.066,0.061]],"v":[[8.233,-6.232],[8.231,-6.171],[8.219,-5.989],[7.91,-5.199],[7.846,-5.113],[6.314,-4.277],[0.909,-4.277],[-1.126,4.015],[-0.54,7.174],[1.427,6.779],[-4.154,9.148],[-8.233,4.278],[-5.733,-9.148],[-1.126,-9.148],[4.001,-8.293],[4.592,-8.194],[7.548,-7.7]],"c":true},"ix":2},"nm":"Path 1","mn":"ADBE Vector Shape - Group","hd":false},{"ty":"fl","c":{"a":0,"k":[0.913725495338,0.698039233685,0.541176497936,1],"ix":4},"o":{"a":0,"k":100,"ix":5},"r":1,"bm":0,"nm":"Fill 1","mn":"ADBE Vector Graphic - Fill","hd":false},{"ty":"tr","p":{"a":0,"k":[287.586,96.396],"ix":2},"a":{"a":0,"k":[0,0],"ix":1},"s":{"a":0,"k":[100,100],"ix":3},"r":{"a":0,"k":0,"ix":6},"o":{"a":0,"k":100,"ix":7},"sk":{"a":0,"k":0,"ix":4},"sa":{"a":0,"k":0,"ix":5},"nm":"Transform"}],"nm":"Group 5","np":2,"cix":2,"bm":0,"ix":5,"mn":"ADBE Vector Group","hd":false}],"ip":0,"op":600,"st":0,"bm":0},{"ddd":0,"ind":6,"ty":4,"nm":"Tab","parent":5,"sr":1,"ks":{"o":{"a":0,"k":100,"ix":11},"r":{"a":0,"k":0,"ix":10},"p":{"a":0,"k":[310.245,81.114,0],"ix":2,"l":2},"a":{"a":0,"k":[310.245,81.114,0],"ix":1,"l":2},"s":{"a":0,"k":[100,100,100],"ix":6,"l":2}},"ao":0,"shapes":[{"ty":"gr","it":[{"ty":"gr","it":[{"ind":0,"ty":"sh","ix":1,"ks":{"a":0,"k":{"i":[[0,0],[0,0],[0,0],[0,0]],"o":[[0,0],[0,0],[0,0],[0,0]],"v":[[3.52,6.404],[-3.52,6.404],[-3.52,-6.404],[3.52,-6.404]],"c":true},"ix":2},"nm":"Path 1","mn":"ADBE Vector Shape - Group","hd":false},{"ty":"fl","c":{"a":0,"k":[0.65098041296,0.854901969433,0.909803926945,1],"ix":4},"o":{"a":0,"k":100,"ix":5},"r":1,"bm":0,"nm":"Fill 1","mn":"ADBE Vector Graphic - Fill","hd":false},{"ty":"tr","p":{"a":0,"k":[296.311,92.48],"ix":2},"a":{"a":0,"k":[0,6.404],"ix":1},"s":{"a":1,"k":[{"i":{"x":[0.833,0.833],"y":[1,0.949]},"o":{"x":[0.15,0.15],"y":[0,0]},"t":23,"s":[100,51]},{"i":{"x":[0.833,0.833],"y":[1,1.314]},"o":{"x":[0.167,0.167],"y":[0,-0.147]},"t":62,"s":[100,100]},{"i":{"x":[0.833,0.833],"y":[1,1.03]},"o":{"x":[0.167,0.167],"y":[0,0.065]},"t":103,"s":[100,82]},{"i":{"x":[0.833,0.833],"y":[1,1]},"o":{"x":[0.167,0.167],"y":[0,0.022]},"t":143,"s":[100,167]},{"t":183,"s":[100,51]}],"ix":3},"r":{"a":0,"k":0,"ix":6},"o":{"a":0,"k":100,"ix":7},"sk":{"a":0,"k":0,"ix":4},"sa":{"a":0,"k":0,"ix":5},"nm":"Transform"}],"nm":"1","np":2,"cix":2,"bm":0,"ix":1,"mn":"ADBE Vector Group","hd":false},{"ty":"gr","it":[{"ind":0,"ty":"sh","ix":1,"ks":{"a":0,"k":{"i":[[0,0],[0,0],[0,0],[0,0]],"o":[[0,0],[0,0],[0,0],[0,0]],"v":[[3.52,9.756],[-3.52,9.756],[-3.52,-9.756],[3.52,-9.756]],"c":true},"ix":2},"nm":"Path 1","mn":"ADBE Vector Shape - Group","hd":false},{"ty":"fl","c":{"a":0,"k":[0.976470589638,0.305882364511,0.388235300779,1],"ix":4},"o":{"a":0,"k":100,"ix":5},"r":1,"bm":0,"nm":"Fill 1","mn":"ADBE Vector Graphic - Fill","hd":false},{"ty":"tr","p":{"a":0,"k":[304.742,92.48],"ix":2},"a":{"a":0,"k":[0,9.756],"ix":1},"s":{"a":1,"k":[{"i":{"x":[0.833,0.833],"y":[1,1.016]},"o":{"x":[0.15,0.15],"y":[0,0]},"t":23,"s":[100,33.2]},{"i":{"x":[0.833,0.833],"y":[1,0.96]},"o":{"x":[0.167,0.167],"y":[0,0.014]},"t":62,"s":[100,100]},{"i":{"x":[0.833,0.833],"y":[1,0.974]},"o":{"x":[0.167,0.167],"y":[0,-0.074]},"t":103,"s":[100,20]},{"i":{"x":[0.833,0.833],"y":[1,1]},"o":{"x":[0.167,0.167],"y":[0,-0.038]},"t":143,"s":[100,62]},{"t":183,"s":[100,33.2]}],"ix":3},"r":{"a":0,"k":0,"ix":6},"o":{"a":0,"k":100,"ix":7},"sk":{"a":0,"k":0,"ix":4},"sa":{"a":0,"k":0,"ix":5},"nm":"Transform"}],"nm":"2","np":2,"cix":2,"bm":0,"ix":2,"mn":"ADBE Vector Group","hd":false},{"ty":"gr","it":[{"ind":0,"ty":"sh","ix":1,"ks":{"a":0,"k":{"i":[[0,0],[0,0],[0,0],[0,0]],"o":[[0,0],[0,0],[0,0],[0,0]],"v":[[3.52,12.859],[-3.52,12.859],[-3.52,-12.859],[3.52,-12.859]],"c":true},"ix":2},"nm":"Path 1","mn":"ADBE Vector Shape - Group","hd":false},{"ty":"fl","c":{"a":0,"k":[0.090196080506,0.772549033165,0.800000011921,1],"ix":4},"o":{"a":0,"k":100,"ix":5},"r":1,"bm":0,"nm":"Fill 1","mn":"ADBE Vector Graphic - Fill","hd":false},{"ty":"tr","p":{"a":0,"k":[313.174,92.48],"ix":2},"a":{"a":0,"k":[0,12.859],"ix":1},"s":{"a":1,"k":[{"i":{"x":[0.833,0.833],"y":[1,0.957]},"o":{"x":[0.15,0.15],"y":[0,0]},"t":23,"s":[100,25.2]},{"i":{"x":[0.833,0.833],"y":[1,0.831]},"o":{"x":[0.167,0.167],"y":[0,-0.097]},"t":62,"s":[100,100]},{"i":{"x":[0.833,0.833],"y":[1,0.905]},"o":{"x":[0.167,0.167],"y":[0,0.165]},"t":103,"s":[100,65]},{"i":{"x":[0.833,0.833],"y":[1,1]},"o":{"x":[0.167,0.167],"y":[0,0.691]},"t":143,"s":[100,30]},{"t":183,"s":[100,25.2]}],"ix":3},"r":{"a":0,"k":0,"ix":6},"o":{"a":0,"k":100,"ix":7},"sk":{"a":0,"k":0,"ix":4},"sa":{"a":0,"k":0,"ix":5},"nm":"Transform"}],"nm":"3","np":2,"cix":2,"bm":0,"ix":3,"mn":"ADBE Vector Group","hd":false},{"ty":"gr","it":[{"ind":0,"ty":"sh","ix":1,"ks":{"a":0,"k":{"i":[[0,0],[0,0],[0,0],[0,0]],"o":[[0,0],[0,0],[0,0],[0,0]],"v":[[3.519,7.349],[-3.519,7.349],[-3.519,-7.349],[3.519,-7.349]],"c":true},"ix":2},"nm":"Path 1","mn":"ADBE Vector Shape - Group","hd":false},{"ty":"fl","c":{"a":0,"k":[1,0.843137264252,0.250980407,1],"ix":4},"o":{"a":0,"k":100,"ix":5},"r":1,"bm":0,"nm":"Fill 1","mn":"ADBE Vector Graphic - Fill","hd":false},{"ty":"tr","p":{"a":0,"k":[321.606,92.48],"ix":2},"a":{"a":0,"k":[0,7.349],"ix":1},"s":{"a":1,"k":[{"i":{"x":[0.833,0.833],"y":[1,0.818]},"o":{"x":[0.15,0.15],"y":[0,0]},"t":23,"s":[100,43.3]},{"i":{"x":[0.833,0.833],"y":[1,1.004]},"o":{"x":[0.167,0.167],"y":[0,0.155]},"t":62,"s":[100,100]},{"i":{"x":[0.833,0.833],"y":[1,0.855]},"o":{"x":[0.167,0.167],"y":[0,0.003]},"t":103,"s":[100,170]},{"i":{"x":[0.833,0.833],"y":[1,1]},"o":{"x":[0.167,0.167],"y":[0,0.197]},"t":143,"s":[100,97]},{"t":183,"s":[100,43.3]}],"ix":3},"r":{"a":0,"k":0,"ix":6},"o":{"a":0,"k":100,"ix":7},"sk":{"a":0,"k":0,"ix":4},"sa":{"a":0,"k":0,"ix":5},"nm":"Transform"}],"nm":"4","np":2,"cix":2,"bm":0,"ix":4,"mn":"ADBE Vector Group","hd":false},{"ty":"tr","p":{"a":0,"k":[321.606,85.131],"ix":2},"a":{"a":0,"k":[321.606,85.131],"ix":1},"s":{"a":0,"k":[100,100],"ix":3},"r":{"a":0,"k":0,"ix":6},"o":{"a":0,"k":100,"ix":7},"sk":{"a":0,"k":0,"ix":4},"sa":{"a":0,"k":0,"ix":5},"nm":"Transform"}],"nm":"Group 1","np":4,"cix":2,"bm":0,"ix":1,"mn":"ADBE Vector Group","hd":false},{"ty":"gr","it":[{"ind":0,"ty":"sh","ix":1,"ks":{"a":0,"k":{"i":[[0,-0.851],[0.852,0],[0,0.851],[-0.851,0]],"o":[[0,0.851],[-0.851,0],[0,-0.851],[0.852,0]],"v":[[1.54,0],[-0.001,1.541],[-1.54,0],[-0.001,-1.541]],"c":true},"ix":2},"nm":"Path 1","mn":"ADBE Vector Shape - Group","hd":false},{"ty":"fl","c":{"a":0,"k":[0.564705908298,0.643137276173,0.68235296011,1],"ix":4},"o":{"a":0,"k":100,"ix":5},"r":1,"bm":0,"nm":"Fill 1","mn":"ADBE Vector Graphic - Fill","hd":false},{"ty":"tr","p":{"a":0,"k":[285.504,81.114],"ix":2},"a":{"a":0,"k":[0,0],"ix":1},"s":{"a":0,"k":[100,100],"ix":3},"r":{"a":0,"k":0,"ix":6},"o":{"a":0,"k":100,"ix":7},"sk":{"a":0,"k":0,"ix":4},"sa":{"a":0,"k":0,"ix":5},"nm":"Transform"}],"nm":"Group 2","np":2,"cix":2,"bm":0,"ix":2,"mn":"ADBE Vector Group","hd":false},{"ty":"gr","it":[{"ind":0,"ty":"sh","ix":1,"ks":{"a":0,"k":{"i":[[0,-1.053],[1.053,0],[0,1.053],[-1.054,0]],"o":[[0,1.053],[-1.054,0],[0,-1.053],[1.053,0]],"v":[[1.907,0],[0,1.906],[-1.907,0],[0,-1.906]],"c":true},"ix":2},"nm":"Path 1","mn":"ADBE Vector Shape - Group","hd":false},{"ty":"fl","c":{"a":0,"k":[0.811764717102,0.847058832645,0.86274510622,1],"ix":4},"o":{"a":0,"k":100,"ix":5},"r":1,"bm":0,"nm":"Fill 1","mn":"ADBE Vector Graphic - Fill","hd":false},{"ty":"tr","p":{"a":0,"k":[334.398,81.114],"ix":2},"a":{"a":0,"k":[0,0],"ix":1},"s":{"a":0,"k":[100,100],"ix":3},"r":{"a":0,"k":0,"ix":6},"o":{"a":0,"k":100,"ix":7},"sk":{"a":0,"k":0,"ix":4},"sa":{"a":0,"k":0,"ix":5},"nm":"Transform"}],"nm":"Group 3","np":2,"cix":2,"bm":0,"ix":3,"mn":"ADBE Vector Group","hd":false},{"ty":"gr","it":[{"ind":0,"ty":"sh","ix":1,"ks":{"a":0,"k":{"i":[[0,0],[0,0],[0,0],[0,0],[0,0],[0,0]],"o":[[0,0],[0,0],[0,0],[0,0],[0,0],[0,0]],"v":[[-21.875,-16.351],[-22.199,-16.351],[-22.199,16.351],[10.828,16.351],[22.199,16.351],[22.199,-16.351]],"c":true},"ix":2},"nm":"Path 1","mn":"ADBE Vector Shape - Group","hd":false},{"ty":"fl","c":{"a":0,"k":[0.164705887437,0.266666680574,0.364705890417,1],"ix":4},"o":{"a":0,"k":100,"ix":5},"r":1,"bm":0,"nm":"Fill 1","mn":"ADBE Vector Graphic - Fill","hd":false},{"ty":"tr","p":{"a":0,"k":[309.411,81.114],"ix":2},"a":{"a":0,"k":[0,0],"ix":1},"s":{"a":0,"k":[100,100],"ix":3},"r":{"a":0,"k":0,"ix":6},"o":{"a":0,"k":100,"ix":7},"sk":{"a":0,"k":0,"ix":4},"sa":{"a":0,"k":0,"ix":5},"nm":"Transform"}],"nm":"Group 4","np":2,"cix":2,"bm":0,"ix":4,"mn":"ADBE Vector Group","hd":false},{"ty":"gr","it":[{"ind":0,"ty":"sh","ix":1,"ks":{"a":0,"k":{"i":[[2.823,0],[0,0],[0,-2.823],[0,0],[-2.823,0],[0,0],[0,2.823],[0,0]],"o":[[0,0],[-2.823,0],[0,0],[0,2.823],[0,0],[2.823,0],[0,0],[0,-2.823]],"v":[[21.888,-20.115],[-21.888,-20.115],[-27.021,-14.982],[-27.021,14.982],[-21.888,20.115],[21.888,20.115],[27.021,14.982],[27.021,-14.982]],"c":true},"ix":2},"nm":"Path 1","mn":"ADBE Vector Shape - Group","hd":false},{"ty":"fl","c":{"a":0,"k":[0.690196096897,0.745098054409,0.772549033165,1],"ix":4},"o":{"a":0,"k":100,"ix":5},"r":1,"bm":0,"nm":"Fill 1","mn":"ADBE Vector Graphic - Fill","hd":false},{"ty":"tr","p":{"a":0,"k":[310.245,81.114],"ix":2},"a":{"a":0,"k":[0,0],"ix":1},"s":{"a":0,"k":[100,100],"ix":3},"r":{"a":0,"k":0,"ix":6},"o":{"a":0,"k":100,"ix":7},"sk":{"a":0,"k":0,"ix":4},"sa":{"a":0,"k":0,"ix":5},"nm":"Transform"}],"nm":"Group 5","np":2,"cix":2,"bm":0,"ix":5,"mn":"ADBE Vector Group","hd":false}],"ip":0,"op":600,"st":0,"bm":0},{"ddd":0,"ind":7,"ty":4,"nm":"1","parent":5,"sr":1,"ks":{"o":{"a":0,"k":100,"ix":11},"r":{"a":0,"k":0,"ix":10},"p":{"a":0,"k":[284.48,91.572,0],"ix":2,"l":2},"a":{"a":0,"k":[0,0,0],"ix":1,"l":2},"s":{"a":0,"k":[100,100,100],"ix":6,"l":2}},"ao":0,"shapes":[{"ty":"gr","it":[{"ind":0,"ty":"sh","ix":1,"ks":{"a":0,"k":{"i":[[0,0],[0,0],[0,0],[-1.207,1.641],[0,0],[0,0],[0,0],[0,0],[0,0]],"o":[[0,0],[0,0],[0,-2.037],[0,0],[0,0],[0,0],[0,0],[0,0],[0,0]],"v":[[-9.421,11.471],[-8.418,9.233],[-8.418,3.156],[-6.56,-2.506],[0.006,-11.431],[7.508,-16.433],[9.421,0.546],[8.166,10.012],[2.272,16.433]],"c":true},"ix":2},"nm":"Path 1","mn":"ADBE Vector Shape - Group","hd":false},{"ty":"fl","c":{"a":0,"k":[0.913725495338,0.698039233685,0.541176497936,1],"ix":4},"o":{"a":0,"k":100,"ix":5},"r":1,"bm":0,"nm":"Fill 1","mn":"ADBE Vector Graphic - Fill","hd":false},{"ty":"tr","p":{"a":0,"k":[0,0],"ix":2},"a":{"a":0,"k":[0,0],"ix":1},"s":{"a":0,"k":[100,100],"ix":3},"r":{"a":0,"k":0,"ix":6},"o":{"a":0,"k":100,"ix":7},"sk":{"a":0,"k":0,"ix":4},"sa":{"a":0,"k":0,"ix":5},"nm":"Transform"}],"nm":"Group 1","np":2,"cix":2,"bm":0,"ix":1,"mn":"ADBE Vector Group","hd":false}],"ip":0,"op":600,"st":0,"bm":0}],"markers":[]}