{"assets/fonts/poppins/Poppins-Bold.ttf":["assets/fonts/poppins/Poppins-Bold.ttf"],"assets/fonts/poppins/Poppins-ExtraBold.ttf":["assets/fonts/poppins/Poppins-ExtraBold.ttf"],"assets/fonts/poppins/Poppins-Light.ttf":["assets/fonts/poppins/Poppins-Light.ttf"],"assets/fonts/poppins/Poppins-Medium.ttf":["assets/fonts/poppins/Poppins-Medium.ttf"],"assets/fonts/poppins/Poppins-Regular.ttf":["assets/fonts/poppins/Poppins-Regular.ttf"],"assets/fonts/poppins/Poppins-SemiBold.ttf":["assets/fonts/poppins/Poppins-SemiBold.ttf"],"assets/fonts/poppins/Poppins-Thin.ttf":["assets/fonts/poppins/Poppins-Thin.ttf"],"assets/icon/add_user.json":["assets/icon/add_user.json"],"assets/icon/forma_1_copy.svg":["assets/icon/forma_1_copy.svg"],"assets/icon/ic_available.svg":["assets/icon/ic_available.svg"],"assets/icon/ic_create.svg":["assets/icon/ic_create.svg"],"assets/icon/ic_damaged.svg":["assets/icon/ic_damaged.svg"],"assets/icon/ic_group.svg":["assets/icon/ic_group.svg"],"assets/icon/ic_link.svg":["assets/icon/ic_link.svg"],"assets/icon/ic_no_stock.svg":["assets/icon/ic_no_stock.svg"],"assets/icon/ic_order.svg":["assets/icon/ic_order.svg"],"assets/icon/ic_report.svg":["assets/icon/ic_report.svg"],"assets/icon/ic_save.svg":["assets/icon/ic_save.svg"],"assets/icon/ic_stock_report.svg":["assets/icon/ic_stock_report.svg"],"assets/icon/loading_report.json":["assets/icon/loading_report.json"],"assets/icon/logo.png":["assets/icon/logo.png"],"assets/icon/order.json":["assets/icon/order.json"],"assets/icon/printer.json":["assets/icon/printer.json"],"assets/icon/profile.json":["assets/icon/profile.json"],"assets/icon/stock.json":["assets/icon/stock.json"],"assets/language/ar.json":["assets/language/ar.json"],"assets/language/en.json":["assets/language/en.json"],"packages/cupertino_icons/assets/CupertinoIcons.ttf":["packages/cupertino_icons/assets/CupertinoIcons.ttf"]}