[{"family":"MaterialIcons","fonts":[{"asset":"fonts/MaterialIcons-Regular.otf"}]},{"family":"Poppins","fonts":[{"weight":400,"asset":"assets/fonts/poppins/Poppins-Medium.ttf"},{"weight":500,"asset":"assets/fonts/poppins/Poppins-Regular.ttf"},{"weight":600,"asset":"assets/fonts/poppins/Poppins-SemiBold.ttf"},{"weight":300,"asset":"assets/fonts/poppins/Poppins-Light.ttf"},{"weight":200,"asset":"assets/fonts/poppins/Poppins-Thin.ttf"},{"weight":700,"asset":"assets/fonts/poppins/Poppins-Bold.ttf"},{"weight":800,"asset":"assets/fonts/poppins/Poppins-ExtraBold.ttf"}]},{"family":"packages/cupertino_icons/CupertinoIcons","fonts":[{"asset":"packages/cupertino_icons/assets/CupertinoIcons.ttf"}]}]